{"cameraMode":{"drawMode":0,"name":"Shaded","section":"Shading Mode"},"sceneLighting":true,"audioPlay":false,"sceneViewState":{"m_AlwaysRefresh":false,"showFog":true,"showSkybox":true,"showFlares":true,"showImageEffects":true,"showParticleSystems":true,"showVisualEffectGraphs":true,"m_FxEnabled":false},"in2DMode":false,"pivot":{"x":2.9065210819244386,"y":1.6644725799560547,"z":-5.346050262451172},"rotation":{"x":0.43565037846565249,"y":0.23159316182136537,"z":-0.11705879867076874,"w":0.8619014620780945},"size":11.624963760375977,"orthographic":false}